{
  "gpt-oss-120b": {
    "accuracy": 0.2532467532467532,
    "macro_f1": 0.16506917849023112,
    "num_predictions": 462
  },
  "llama-3.3-70b-instruct": {
    "accuracy": 0.2554112554112554,
    "macro_f1": 0.1563345160877197,
    "num_predictions": 462
  }
}