{
  "gpt-oss-120b": {
    "accuracy": 0.23593073593073594,
    "macro_f1": 0.15526275273340534,
    "num_predictions": 462
  },
  "llama-3.3-70b-instruct": {
    "accuracy": 0.2597402597402597,
    "macro_f1": 0.16330718035569586,
    "num_predictions": 462
  }
}