{
  "gpt-oss-120b": {
    "accuracy": 0.24675324675324675,
    "macro_f1": 0.16209965353777106,
    "num_predictions": 462
  },
  "llama-3.3-70b-instruct": {
    "accuracy": 0.2662337662337662,
    "macro_f1": 0.16615932941720019,
    "num_predictions": 462
  }
}