{
  "granite-3.3-8b-instruct": {
    "accuracy": 0.2957393483709273,
    "macro_f1": 0.1019694779116466,
    "num_predictions": 399
  },
  "gpt-oss-120b": {
    "accuracy": 0.2656641604010025,
    "macro_f1": 0.16604534442443986,
    "num_predictions": 399
  },
  "llama-3.3-70b-instruct": {
    "accuracy": 0.2756892230576441,
    "macro_f1": 0.1750860814698017,
    "num_predictions": 399
  },
  "mistral-small-3.1": {
    "accuracy": 0.19298245614035087,
    "macro_f1": 0.1326287184501227,
    "num_predictions": 399
  }
}