{
  "gpt-oss-120b": {
    "accuracy": 0.2531328320802005,
    "macro_f1": 0.1753744213567227,
    "num_predictions": 399
  },
  "llama-3.3-70b-instruct": {
    "accuracy": 0.2706766917293233,
    "macro_f1": 0.16975354049593908,
    "num_predictions": 399
  }
}