{
  "gpt-oss-120b": {
    "accuracy": 0.2631578947368421,
    "macro_f1": 0.16116743471582182,
    "num_predictions": 399
  },
  "llama-3.3-70b-instruct": {
    "accuracy": 0.2756892230576441,
    "macro_f1": 0.16961922980574345,
    "num_predictions": 399
  }
}