{
  "granite-3.3-8b-instruct": {
    "accuracy": 0.2957393483709273,
    "macro_f1": 0.138062178833846,
    "num_predictions": 399
  },
  "gpt-oss-120b": {
    "accuracy": 0.2756892230576441,
    "macro_f1": 0.16808088484840975,
    "num_predictions": 399
  },
  "llama-3.3-70b-instruct": {
    "accuracy": 0.2681704260651629,
    "macro_f1": 0.16974302980615746,
    "num_predictions": 399
  },
  "mistral-small-3.1": {
    "accuracy": 0.19548872180451127,
    "macro_f1": 0.13908671648991433,
    "num_predictions": 399
  }
}