{
  "gpt-oss-120b": {
    "accuracy": 0.3007518796992481,
    "macro_f1": 0.1939583075954771,
    "num_predictions": 399
  },
  "llama-3.3-70b-instruct": {
    "accuracy": 0.3082706766917293,
    "macro_f1": 0.20589873663625355,
    "num_predictions": 399
  }
}