{
  "granite-3.3-8b-instruct": {
    "accuracy": 0.24060150375939848,
    "macro_f1": 0.1159013153411027,
    "num_predictions": 399
  },
  "gpt-oss-120b": {
    "accuracy": 0.2681704260651629,
    "macro_f1": 0.16505832712831967,
    "num_predictions": 399
  },
  "llama-3.3-70b-instruct": {
    "accuracy": 0.2706766917293233,
    "macro_f1": 0.16349902970592628,
    "num_predictions": 399
  },
  "mistral-small-3.1": {
    "accuracy": 0.2606516290726817,
    "macro_f1": 0.15221804845615355,
    "num_predictions": 399
  }
}