{
  "gpt-oss-120b": {
    "accuracy": 0.2506265664160401,
    "macro_f1": 0.1749987720185943,
    "num_predictions": 399
  },
  "llama-3.3-70b-instruct": {
    "accuracy": 0.2731829573934837,
    "macro_f1": 0.172074849797844,
    "num_predictions": 399
  }
}