{
  "gpt-oss-120b": {
    "accuracy": 0.19047619047619047,
    "macro_f1": 0.1348849652220439,
    "num_predictions": 462
  },
  "llama-3.3-70b-instruct": {
    "accuracy": 0.23160173160173161,
    "macro_f1": 0.14974094974094973,
    "num_predictions": 462
  }
}