{
  "gpt-oss-120b": {
    "accuracy": 0.20995670995670995,
    "macro_f1": 0.14141043698077663,
    "num_predictions": 462
  },
  "llama-3.3-70b-instruct": {
    "accuracy": 0.21428571428571427,
    "macro_f1": 0.14053339343400195,
    "num_predictions": 462
  }
}