{
  "gpt-oss-120b": {
    "accuracy": 0.24060150375939848,
    "macro_f1": 0.15338211957084208,
    "num_predictions": 399
  },
  "llama-3.3-70b-instruct": {
    "accuracy": 0.2531328320802005,
    "macro_f1": 0.16210954461092295,
    "num_predictions": 399
  }
}