{
  "llama-3.3-70b-instruct": {
    "accuracy": 0.25757575757575757,
    "macro_f1": 0.17384878966102513,
    "num_predictions": 462
  },
  "gpt-oss-120b": {
    "accuracy": 0.24458874458874458,
    "macro_f1": 0.16103943291647674,
    "num_predictions": 462
  }
}