{
  "llama-3.3-70b-instruct": {
    "accuracy": 0.2857142857142857,
    "macro_f1": 0.1778556794900979,
    "num_predictions": 462
  },
  "gpt-oss-120b": {
    "accuracy": 0.2857142857142857,
    "macro_f1": 0.20230232698005013,
    "num_predictions": 462
  }
}