{
  "llama-3.3-70b-instruct": {
    "accuracy": 0.2857142857142857,
    "macro_f1": 0.1914928487634549,
    "num_predictions": 462
  },
  "gpt-oss-120b": {
    "accuracy": 0.2857142857142857,
    "macro_f1": 0.19621000879128045,
    "num_predictions": 462
  }
}