{
  "llama-3.3-70b-instruct": {
    "accuracy": 0.2748917748917749,
    "macro_f1": 0.15630685947144263,
    "num_predictions": 462
  },
  "gpt-oss-120b": {
    "accuracy": 0.28354978354978355,
    "macro_f1": 0.1099531364371547,
    "num_predictions": 462
  }
}