{
  "llama-3.3-70b-instruct": {
    "accuracy": 0.2510822510822511,
    "macro_f1": 0.16784806377435038,
    "num_predictions": 462
  },
  "gpt-oss-120b": {
    "accuracy": 0.24242424242424243,
    "macro_f1": 0.15237068367353096,
    "num_predictions": 462
  }
}