{
  "llama-3.3-70b-instruct": {
    "accuracy": 0.2510822510822511,
    "macro_f1": 0.16099419007687676,
    "num_predictions": 462
  },
  "gpt-oss-120b": {
    "accuracy": 0.24675324675324675,
    "macro_f1": 0.15619231782756154,
    "num_predictions": 462
  }
}