{
  "llama-3.3-70b-instruct": {
    "accuracy": 0.2857142857142857,
    "macro_f1": 0.196979886323777,
    "num_predictions": 462
  },
  "gpt-oss-120b": {
    "accuracy": 0.2857142857142857,
    "macro_f1": 0.2698178130749263,
    "num_predictions": 462
  }
}