{
  "llama-3.3-70b-instruct": {
    "accuracy": 0.2727272727272727,
    "macro_f1": 0.1740345956054231,
    "num_predictions": 462
  },
  "gpt-oss-120b": {
    "accuracy": 0.24458874458874458,
    "macro_f1": 0.1563773128753161,
    "num_predictions": 462
  }
}