{
  "llama-3.3-70b-instruct": {
    "accuracy": 0.2727272727272727,
    "macro_f1": 0.17329357628954226,
    "num_predictions": 462
  },
  "gpt-oss-120b": {
    "accuracy": 0.23593073593073594,
    "macro_f1": 0.15576693188375898,
    "num_predictions": 462
  }
}