{
  "llama-3.3-70b-instruct": {
    "accuracy": 0.2656641604010025,
    "macro_f1": 0.17252842395699539,
    "num_predictions": 399
  },
  "gpt-oss-120b": {
    "accuracy": 0.24812030075187969,
    "macro_f1": 0.1674922390724602,
    "num_predictions": 399
  }
}