{
  "llama-3.3-70b-instruct": {
    "accuracy": 0.2656641604010025,
    "macro_f1": 0.17047934096451617,
    "num_predictions": 399
  },
  "gpt-oss-120b": {
    "accuracy": 0.24310776942355888,
    "macro_f1": 0.1545675505050505,
    "num_predictions": 399
  }
}