{
  "llama-3.3-70b-instruct": {
    "accuracy": 0.2581453634085213,
    "macro_f1": 0.16087728708504678,
    "num_predictions": 399
  },
  "gpt-oss-120b": {
    "accuracy": 0.2781954887218045,
    "macro_f1": 0.15131684487925756,
    "num_predictions": 399
  }
}