{
  "llama-3.3-70b-instruct": {
    "accuracy": 0.2756892230576441,
    "macro_f1": 0.16988516171213447,
    "num_predictions": 399
  },
  "gpt-oss-120b": {
    "accuracy": 0.22807017543859648,
    "macro_f1": 0.15139976642939168,
    "num_predictions": 399
  }
}