{
  "gemma-3-27b-it": {
    "accuracy": 0.22727272727272727,
    "macro_f1": 0.15600869975307682,
    "num_predictions": 462
  }
}