{
  "llama-3.3-70b-instruct": {
    "accuracy": 0.2878787878787879,
    "macro_f1": 0.1779833148119593,
    "num_predictions": 462
  },
  "mistral-small-3.1": {
    "accuracy": 0.2727272727272727,
    "macro_f1": 0.1959940633347009,
    "num_predictions": 462
  },
  "gpt-oss-120b": {
    "accuracy": 0.28354978354978355,
    "macro_f1": 0.26742985050739737,
    "num_predictions": 462
  },
  "gemma-3-27b-it": {
    "accuracy": 0.2857142857142857,
    "macro_f1": 0.19202265369692303,
    "num_predictions": 462
  }
}