{
  "granite-3.3-8b-instruct": {
    "accuracy": 0.22943722943722944,
    "macro_f1": 0.14809179756532603,
    "num_predictions": 462
  },
  "gpt-oss-120b": {
    "accuracy": 0.22943722943722944,
    "macro_f1": 0.1517224633603944,
    "num_predictions": 462
  },
  "llama-3.3-70b-instruct": {
    "accuracy": 0.2597402597402597,
    "macro_f1": 0.1633243660765211,
    "num_predictions": 462
  },
  "mistral-small-3.1": {
    "accuracy": 0.20562770562770563,
    "macro_f1": 0.14248030450562096,
    "num_predictions": 462
  }
}