{
  "llama-3.3-70b-instruct": {
    "many_to_one": {
      "zero_shot": {
        "n_items": 124,
        "composite_kappa": 0.006384364820846811,
        "field_kappas": {
          "AUD_SIZE": 0.27130264446620966,
          "STATUS": 0.0007861635220125507,
          "AGE": 0.04502369668246453,
          "FORMALITY": 0.36374002280501705,
          "GENDER": 0.7864523536165328,
          "GENDER_2": 0.6797934151065204,
          "ANIMACY": 0.5974025974025974,
          "SPEECH_ACT": 0.8190045248868778
        }
      },
      "few_shot": {
        "n_items": 124,
        "composite_kappa": 0.006125374690473029,
        "field_kappas": {
          "AUD_SIZE": 0.34391534391534384,
          "STATUS": 0.0005897385492431573,
          "AGE": -0.012244897959183598,
          "FORMALITY": 0.39655172413793105,
          "GENDER": 0.8351550960118168,
          "GENDER_2": 0.5159795071968772,
          "ANIMACY": 0.6012861736334405,
          "SPEECH_ACT": 0.8705250596658711
        }
      },
      "chain_of_thought": {
        "n_items": 124,
        "composite_kappa": 0.0070958921945185605,
        "field_kappas": {
          "AUD_SIZE": 0.3750524989500209,
          "STATUS": 0.0017671313567642066,
          "AGE": 0.05343511450381688,
          "FORMALITY": 0.19550173010380623,
          "GENDER": 0.745135653603727,
          "GENDER_2": 0.6724243040032514,
          "ANIMACY": 0.41509433962264153,
          "SPEECH_ACT": 0.7514674302075877
        }
      }
    },
    "one_to_many": {
      "zero_shot": {
        "n_items": 132,
        "composite_kappa": 0.3114157466941646,
        "field_kappas": {
          "AUD_SIZE": 0.37551744529863984,
          "AGE": 0.7972350230414746,
          "FORMALITY": 0.14876584389593062,
          "GENDER": 0.8276987338467563,
          "GENDER_2": 0.7246558197747184,
          "ANIMACY": 0.5352112676056338,
          "SPEECH_ACT": 0.7379219060225017
        }
      },
      "few_shot": {
        "n_items": 132,
        "composite_kappa": 0.3398792462035738,
        "field_kappas": {
          "AUD_SIZE": 0.3436464088397789,
          "AGE": 0.7972350230414746,
          "FORMALITY": 0.22650439486139295,
          "GENDER": 0.8434988802529311,
          "GENDER_2": 0.7450753186558516,
          "ANIMACY": 0.7155172413793103,
          "SPEECH_ACT": 0.7738176833447566
        }
      },
      "chain_of_thought": {
        "n_items": 132,
        "composite_kappa": 0.19938157816495206,
        "field_kappas": {
          "AUD_SIZE": 0.2797153024911032,
          "AGE": 0.6583261432269198,
          "FORMALITY": 0.07723035952063906,
          "GENDER": 0.6692859583190981,
          "GENDER_2": 0.7155172413793103,
          "ANIMACY": 0.4937499999999999,
          "SPEECH_ACT": 0.7259223766171539
        }
      }
    }
  },
  "gpt-oss-12b": {
    "many_to_one": {
      "zero_shot": {
        "n_items": 124,
        "composite_kappa": -0.0005856705928288797,
        "field_kappas": {
          "AUD_SIZE": 0.25197215777262183,
          "STATUS": 0.00045874565830006375,
          "AGE": 0.3210552513688403,
          "FORMALITY": 0.2848545636910733,
          "GENDER": 0.8516524599970091,
          "GENDER_2": 0.6813828544732539,
          "ANIMACY": 0.39334637964774954,
          "SPEECH_ACT": 0.888905480065701
        }
      },
      "few_shot": {
        "n_items": 124,
        "composite_kappa": -0.0007810466024473772,
        "field_kappas": {
          "AUD_SIZE": 0.19906048150322964,
          "STATUS": 0.0003277184243298814,
          "AGE": 0.1719532554257095,
          "FORMALITY": 0.17502558853633576,
          "GENDER": 0.8862037320281432,
          "GENDER_2": 0.6066373840897998,
          "ANIMACY": 0.4311926605504588,
          "SPEECH_ACT": 0.926431326016019
        }
      },
      "chain_of_thought": {
        "n_items": 124,
        "composite_kappa": 0.006384364820846922,
        "field_kappas": {
          "AUD_SIZE": 0.270349787512259,
          "STATUS": 0.0006552221202987818,
          "AGE": 0.26043737574552683,
          "FORMALITY": 0.07109283196239724,
          "GENDER": 0.8862037320281432,
          "GENDER_2": 0.6945128779395296,
          "ANIMACY": 0.45401174168297453,
          "SPEECH_ACT": 0.8737638161721931
        }
      }
    },
    "one_to_many": {
      "zero_shot": {
        "n_items": 132,
        "composite_kappa": 0.20730436914026595,
        "field_kappas": {
          "AUD_SIZE": 0.13281919451585267,
          "AGE": -0.017621145374449254,
          "FORMALITY": 0.08583106267029983,
          "GENDER": 0.770894526034713,
          "GENDER_2": 0.5902578796561604,
          "ANIMACY": 0.49230769230769234,
          "SPEECH_ACT": 0.755514396363024
        }
      },
      "few_shot": {
        "n_items": 132,
        "composite_kappa": 0.2328902627511592,
        "field_kappas": {
          "AUD_SIZE": 0.27071823204419887,
          "AGE": 0.3926380368098159,
          "FORMALITY": 0.16247450713800127,
          "GENDER": 0.7816377171215881,
          "GENDER_2": 0.6223175965665235,
          "ANIMACY": 0.5932203389830508,
          "SPEECH_ACT": 0.7694725812085226
        }
      },
      "chain_of_thought": {
        "n_items": 132,
        "composite_kappa": 0.1486950756434211,
        "field_kappas": {
          "AUD_SIZE": 0.12463866689338554,
          "AGE": 0.5456110154905336,
          "FORMALITY": 0.050464807436918946,
          "GENDER": 0.6246070947462955,
          "GENDER_2": 0.5378151260504201,
          "ANIMACY": 0.45070422535211274,
          "SPEECH_ACT": 0.7046979865771812
        }
      }
    }
  }
}